link,category,source
https://www.luatkhoa.com/2019/01/dong-cua-chinh-phu-o-hoa-ky-dong-la-dong-the-nao/,tag/the-che/page/6/,Luat Khoa
https://www.luatkhoa.com/2019/01/dong-cua-chinh-phu-o-hoa-ky-dong-la-dong-the-nao/,tag/the-che/page/6/,Luat Khoa
https://www.luatkhoa.com/2018/11/ve-canh-sat-quoc-gia-va-cong-an-nhan-dan/,tag/the-che/page/6/,Luat Khoa
https://www.luatkhoa.com/2018/11/ve-canh-sat-quoc-gia-va-cong-an-nhan-dan/,tag/the-che/page/6/,Luat Khoa
https://www.luatkhoa.com/2018/10/toi-cao-phap-vien-my-canh-ta-va-canh-huu/,tag/the-che/page/6/,Luat Khoa
https://www.luatkhoa.com/2023/12/36-van-ban-viet-nam-ky-ket-voi-trung-quoc-co-y-nghia-gi/,tag/quan-diem,Luat Khoa
https://www.luatkhoa.com/2018/10/toi-cao-phap-vien-my-canh-ta-va-canh-huu/,tag/the-che/page/6/,Luat Khoa
https://www.luatkhoa.com/2023/12/bat-dong-chinh-kien-va-di-hoa-vi-quy-theo-quan-niem-khong-tu/,tag/quan-diem,Luat Khoa
https://www.luatkhoa.com/2022/02/quan-he-va-chu-nghia-thien-vi-trong-phan-bo-nguon-cuu-tro-sau-thien-tai-o-viet-nam/,tag/chinh-tri/page/3/,Luat Khoa
https://www.luatkhoa.com/2023/12/36-van-ban-viet-nam-ky-ket-voi-trung-quoc-co-y-nghia-gi/,tag/chinh-tri/page/4/,Luat Khoa
https://www.luatkhoa.com/2023/12/bat-dong-chinh-kien-va-di-hoa-vi-quy-theo-quan-niem-khong-tu/,tag/chinh-tri/page/4/,Luat Khoa
https://www.luatkhoa.com/2022/02/quan-he-va-chu-nghia-thien-vi-trong-phan-bo-nguon-cuu-tro-sau-thien-tai-o-viet-nam/,tag/chinh-tri/page/3/,Luat Khoa
https://www.luatkhoa.com/2021/12/10-su-kien-chinh-tri-nam-2021/,tag/chinh-tri/page/3/,Luat Khoa
https://www.luatkhoa.com/2021/12/10-su-kien-chinh-tri-nam-2021/,tag/chinh-tri/page/3/,Luat Khoa
https://www.luatkhoa.com/2021/12/10-nhan-vat-chinh-tri-nam-2021/,tag/chinh-tri/page/3/,Luat Khoa
https://www.luatkhoa.com/2021/12/10-nhan-vat-chinh-tri-nam-2021/,tag/chinh-tri/page/3/,Luat Khoa
https://www.luatkhoa.com/2021/11/ngoai-giao-quyen-luc-mem-cua-biden-va-phong-trao-dan-chu-viet-nam/,tag/chinh-tri/page/3/,Luat Khoa
https://www.luatkhoa.com/2020/02/ap-dat-tinh-hoa-cua-dang-hay-bau-dai-dien-cua-dan/,tag/chinh-tri/page/6/,Luat Khoa
https://www.luatkhoa.com/2021/11/ngoai-giao-quyen-luc-mem-cua-biden-va-phong-trao-dan-chu-viet-nam/,tag/chinh-tri/page/3/,Luat Khoa
https://www.luatkhoa.com/2021/09/u-thuc-chong-dich-dan-tri-thap-hay-quan-tri-long/,tag/chinh-tri/page/3/,Luat Khoa
https://www.luatkhoa.com/2021/09/u-thuc-chong-dich-dan-tri-thap-hay-quan-tri-long/,tag/chinh-tri/page/3/,Luat Khoa
https://www.luatkhoa.com/2020/11/tong-thong-my-co-the-tu-an-xa/,tag/the-che/page/4/,Luat Khoa
https://www.luatkhoa.com/2021/09/2021-09-3-ly-do-viet-my-chua-tro-thanh-doi-tac-chien-luoc/,tag/chinh-tri/page/3/,Luat Khoa
https://www.luatkhoa.com/2021/09/2021-09-3-ly-do-viet-my-chua-tro-thanh-doi-tac-chien-luoc/,tag/chinh-tri/page/3/,Luat Khoa
https://www.luatkhoa.com/2023/12/36-van-ban-viet-nam-ky-ket-voi-trung-quoc-co-y-nghia-gi/,tag/the-che/page/5/,Luat Khoa
https://www.luatkhoa.com/2021/08/tinh-chinh-danh-cua-chinh-sach-chong-dich-covid-19/,tag/chinh-tri/page/3/,Luat Khoa
https://www.luatkhoa.com/2023/12/bat-dong-chinh-kien-va-di-hoa-vi-quy-theo-quan-niem-khong-tu/,tag/the-che/page/5/,Luat Khoa
https://www.luatkhoa.com/2020/11/tong-thong-my-co-the-tu-an-xa/,tag/the-che/page/4/,Luat Khoa
https://www.luatkhoa.com/2021/08/tinh-chinh-danh-cua-chinh-sach-chong-dich-covid-19/,tag/chinh-tri/page/3/,Luat Khoa
https://www.luatkhoa.com/2020/11/toi-cao-phap-vien-va-vai-tro-nguoi-thuc-day-quyen-tu-do/,tag/the-che/page/4/,Luat Khoa
https://www.luatkhoa.com/2021/07/giua-dai-dich-hoa-ky-la-cho-dua-lon-nhat-ve-vaccine-cua-viet-nam/,tag/chinh-tri/page/3/,Luat Khoa
https://www.luatkhoa.com/2020/02/ap-dat-tinh-hoa-cua-dang-hay-bau-dai-dien-cua-dan/,tag/chinh-tri/page/6/,Luat Khoa
https://www.luatkhoa.com/2020/11/toi-cao-phap-vien-va-vai-tro-nguoi-thuc-day-quyen-tu-do/,tag/the-che/page/4/,Luat Khoa
https://www.luatkhoa.com/2021/07/giua-dai-dich-hoa-ky-la-cho-dua-lon-nhat-ve-vaccine-cua-viet-nam/,tag/chinh-tri/page/3/,Luat Khoa
https://www.luatkhoa.com/2020/11/thoi-dai-lochner-chinh-phu-ong-toa-va-khi-toi-cao-phap-vien-hoa-ky-lai-la-ke-xau/,tag/the-che/page/4/,Luat Khoa
https://www.luatkhoa.com/2021/07/chong-dich-bang-khoa-hoc-hay-bang-chu-nghia-mac-lenin/,tag/chinh-tri/page/3/,Luat Khoa
https://www.luatkhoa.com/2020/11/thoi-dai-lochner-chinh-phu-ong-toa-va-khi-toi-cao-phap-vien-hoa-ky-lai-la-ke-xau/,tag/the-che/page/4/,Luat Khoa
https://www.luatkhoa.com/2021/07/chong-dich-bang-khoa-hoc-hay-bang-chu-nghia-mac-lenin/,tag/chinh-tri/page/3/,Luat Khoa
https://www.luatkhoa.com/2020/11/ba-van-de-phap-ly-cua-qua-trinh-chuyen-giao-quyen-luc-hau-bau-cu-hoa-ky/,tag/the-che/page/4/,Luat Khoa
https://www.luatkhoa.com/2021/07/bao-nhieu-tien-da-duoc-chi-cho-bo-cong-an-de-chong-dich/,tag/chinh-tri/page/3/,Luat Khoa
https://www.luatkhoa.com/2019/06/vingroup-va-su-troi-day-day-nghi-van-cua-mot-de-che-kinh-te/,tag/chinh-tri/page/6/,Luat Khoa
https://www.luatkhoa.com/2020/11/ba-van-de-phap-ly-cua-qua-trinh-chuyen-giao-quyen-luc-hau-bau-cu-hoa-ky/,tag/the-che/page/4/,Luat Khoa
https://www.luatkhoa.com/2021/07/bao-nhieu-tien-da-duoc-chi-cho-bo-cong-an-de-chong-dich/,tag/chinh-tri/page/3/,Luat Khoa
https://www.luatkhoa.com/2019/06/vingroup-va-su-troi-day-day-nghi-van-cua-mot-de-che-kinh-te/,tag/chinh-tri/page/6/,Luat Khoa
https://www.luatkhoa.com/2020/10/tu-nghi-dinh-64-nghi-ve-co-che-bao-hien/,tag/the-che/page/4/,Luat Khoa
https://www.luatkhoa.com/2021/07/3-chuyen-it-duoc-noi-toi-ve-quan-he-viet-my/,tag/chinh-tri/page/3/,Luat Khoa
https://www.luatkhoa.com/2020/10/tu-nghi-dinh-64-nghi-ve-co-che-bao-hien/,tag/the-che/page/4/,Luat Khoa
https://www.luatkhoa.com/2021/07/3-chuyen-it-duoc-noi-toi-ve-quan-he-viet-my/,tag/chinh-tri/page/3/,Luat Khoa
https://www.luatkhoa.com/2019/07/tron-thue-cong-cu-dan-ap-the-he-moi/,tag/chinh-tri/page/6/,Luat Khoa
https://www.luatkhoa.com/2020/02/vi-sao-chu-nghia-cong-san-song-tho-o-dong-a/,tag/chinh-tri/page/6/,Luat Khoa
https://www.luatkhoa.com/2020/10/3-phuong-an-cai-to-toi-cao-phap-vien-hoa-ky/,tag/the-che/page/4/,Luat Khoa
https://www.luatkhoa.com/2019/07/tron-thue-cong-cu-dan-ap-the-he-moi/,tag/chinh-tri/page/6/,Luat Khoa
https://www.luatkhoa.com/2020/10/3-phuong-an-cai-to-toi-cao-phap-vien-hoa-ky/,tag/the-che/page/4/,Luat Khoa
https://www.luatkhoa.com/2019/08/cach-mang-thang-tam-va-ba-dieu-xet-lai/,tag/chinh-tri/page/6/,Luat Khoa
https://www.luatkhoa.com/2020/10/tham-nhung-the-che-vi-sao-ky-cong-dot-lo-cua-ong-trong-la-vo-nghia-trong-dai-han/,tag/the-che/page/4/,Luat Khoa
https://www.luatkhoa.com/2020/10/tham-nhung-the-che-vi-sao-ky-cong-dot-lo-cua-ong-trong-la-vo-nghia-trong-dai-han/,tag/the-che/page/4/,Luat Khoa
https://www.luatkhoa.com/2019/08/cach-mang-thang-tam-va-ba-dieu-xet-lai/,tag/chinh-tri/page/6/,Luat Khoa
https://www.luatkhoa.com/2020/09/quyen-tai-phan-tu-phap-va-quyet-dinh-cua-chanh-an-marshall/,tag/the-che/page/4/,Luat Khoa
https://www.luatkhoa.com/2020/09/quyen-tai-phan-tu-phap-va-quyet-dinh-cua-chanh-an-marshall/,tag/the-che/page/4/,Luat Khoa
https://www.luatkhoa.com/2019/11/10-nam-cho-doi-lam-chu-tich-asean-viet-nam-se-thuc-day-van-de-bien-dong-va-song-mekong/,tag/chinh-tri/page/6/,Luat Khoa
https://www.luatkhoa.com/2020/09/gioi-thieu-chuyen-de-hien-phap-va-toi-cao-phap-vien-hoa-ky/,tag/the-che/page/4/,Luat Khoa
https://www.luatkhoa.com/2020/09/gioi-thieu-chuyen-de-hien-phap-va-toi-cao-phap-vien-hoa-ky/,tag/the-che/page/4/,Luat Khoa
https://www.luatkhoa.com/2019/11/10-nam-cho-doi-lam-chu-tich-asean-viet-nam-se-thuc-day-van-de-bien-dong-va-song-mekong/,tag/chinh-tri/page/6/,Luat Khoa
https://www.luatkhoa.com/2020/09/toi-cao-phap-vien-hoa-ky-8-tham-phan-khong-sao-ca/,tag/the-che/page/4/,Luat Khoa
https://www.luatkhoa.com/2019/12/ericsson-va-cao-buoc-17-nam-dua-hoi-lo-o-viet-nam/,tag/chinh-tri/page/6/,Luat Khoa
https://www.luatkhoa.com/2019/12/ericsson-va-cao-buoc-17-nam-dua-hoi-lo-o-viet-nam/,tag/chinh-tri/page/6/,Luat Khoa
https://www.luatkhoa.com/2020/09/toi-cao-phap-vien-hoa-ky-8-tham-phan-khong-sao-ca/,tag/the-che/page/4/,Luat Khoa
https://www.luatkhoa.com/2019/12/tro-chuyen-cuoi-nam-dan-chu-co-lam-nen-hanh-phuc/,tag/chinh-tri/page/6/,Luat Khoa
https://www.luatkhoa.com/2020/09/ba-loi-the-che-huy-hoai-niem-tin-vao-chinh-sach-dat-dai-viet-nam/,tag/the-che/page/4/,Luat Khoa
https://www.luatkhoa.com/2019/12/tro-chuyen-cuoi-nam-dan-chu-co-lam-nen-hanh-phuc/,tag/chinh-tri/page/6/,Luat Khoa
https://www.luatkhoa.com/2023/09/ky-2-change-co-tron-thue-khong/,tag/chinh-tri/page/2/,Luat Khoa
https://www.luatkhoa.com/2019/12/chinh-tri-viet-nam-mot-thap-ky-nhin-lai/,tag/chinh-tri/page/6/,Luat Khoa
https://www.luatkhoa.com/2019/12/chinh-tri-viet-nam-mot-thap-ky-nhin-lai/,tag/chinh-tri/page/6/,Luat Khoa
https://www.luatkhoa.com/2020/09/ba-loi-the-che-huy-hoai-niem-tin-vao-chinh-sach-dat-dai-viet-nam/,tag/the-che/page/4/,Luat Khoa
https://www.luatkhoa.com/2020/09/vi-sao-cac-chinh-quyen-doc-tai-van-can-toa-an/,tag/the-che/page/4/,Luat Khoa
https://www.luatkhoa.com/2020/02/dang-cong-san-viet-nam-co-quyen-luc-nhung-khong-co-quyen-uy/,tag/chinh-tri/page/6/,Luat Khoa
https://www.luatkhoa.com/2023/12/36-van-ban-viet-nam-ky-ket-voi-trung-quoc-co-y-nghia-gi/,tag/chinh-tri/page/3/,Luat Khoa
https://www.luatkhoa.com/2020/02/dang-cong-san-viet-nam-co-quyen-luc-nhung-khong-co-quyen-uy/,tag/chinh-tri/page/6/,Luat Khoa
https://www.luatkhoa.com/2020/09/vi-sao-cac-chinh-quyen-doc-tai-van-can-toa-an/,tag/the-che/page/4/,Luat Khoa
https://www.luatkhoa.com/2020/02/vi-sao-chu-nghia-cong-san-song-tho-o-dong-a/,tag/chinh-tri/page/6/,Luat Khoa
https://www.luatkhoa.com/2023/12/bat-dong-chinh-kien-va-di-hoa-vi-quy-theo-quan-niem-khong-tu/,tag/chinh-tri/page/3/,Luat Khoa
https://www.luatkhoa.com/2023/09/ky-2-change-co-tron-thue-khong/,tag/chinh-tri/page/2/,Luat Khoa
https://www.luatkhoa.com/2023/09/change-va-an-tron-thue-ky-1-to-chuc-phi-loi-nhuan-hay-doanh-nghiep/,tag/chinh-tri/page/2/,Luat Khoa
https://www.luatkhoa.com/2023/09/change-va-an-tron-thue-ky-1-to-chuc-phi-loi-nhuan-hay-doanh-nghiep/,tag/chinh-tri/page/2/,Luat Khoa
https://www.luatkhoa.com/2020/03/hoi-dong-ly-luan-trung-uong-va-vai-tro-cua-think-tank-voi-cac-to-chuc-chinh-tri/,tag/chinh-tri/page/6/,Luat Khoa
https://www.luatkhoa.com/2023/09/luat-khoa-360-hoang-thi-minh-hong/,tag/chinh-tri/page/2/,Luat Khoa
https://www.luatkhoa.com/2023/09/luat-khoa-360-hoang-thi-minh-hong/,tag/chinh-tri/page/2/,Luat Khoa
https://www.luatkhoa.com/2020/03/hoi-dong-ly-luan-trung-uong-va-vai-tro-cua-think-tank-voi-cac-to-chuc-chinh-tri/,tag/chinh-tri/page/6/,Luat Khoa
https://www.luatkhoa.com/2023/09/di-chuc-cua-ho-chi-minh-lieu-co-con-hop-thoi/,tag/chinh-tri/page/2/,Luat Khoa
https://www.luatkhoa.com/2023/09/di-chuc-cua-ho-chi-minh-lieu-co-con-hop-thoi/,tag/chinh-tri/page/2/,Luat Khoa
https://www.luatkhoa.com/2020/05/du-la-dang-vien-hay-khong-nguoi-dan-dang-phai-tra-hang-nghin-ty-dong-cho-cac-dai-hoi-dang/,tag/chinh-tri/page/6/,Luat Khoa
https://www.luatkhoa.com/2023/07/bai-hoc-dan-chu-o-ai-cap-quan-doi-can-thiep-lam-dao-nguoc-tien-trinh-dan-chu/,tag/chinh-tri/page/2/,Luat Khoa
https://www.luatkhoa.com/2023/12/bat-dong-chinh-kien-va-di-hoa-vi-quy-theo-quan-niem-khong-tu/,tag/the-che/page/2/,Luat Khoa
https://www.luatkhoa.com/2023/07/bai-hoc-dan-chu-o-ai-cap-quan-doi-can-thiep-lam-dao-nguoc-tien-trinh-dan-chu/,tag/chinh-tri/page/2/,Luat Khoa
https://www.luatkhoa.com/2023/12/36-van-ban-viet-nam-ky-ket-voi-trung-quoc-co-y-nghia-gi/,tag/the-che/page/2/,Luat Khoa
https://www.luatkhoa.com/2022/12/the-thao-va-chinh-tri-moi-ho-rang-lanh-rang-can-moi-bam/,tag/chinh-tri/page/2/,Luat Khoa
https://www.luatkhoa.com/2020/05/du-la-dang-vien-hay-khong-nguoi-dan-dang-phai-tra-hang-nghin-ty-dong-cho-cac-dai-hoi-dang/,tag/chinh-tri/page/6/,Luat Khoa
https://www.luatkhoa.com/2022/12/the-thao-va-chinh-tri-moi-ho-rang-lanh-rang-can-moi-bam/,tag/chinh-tri/page/2/,Luat Khoa
https://www.luatkhoa.com/2022/12/giao-su-hoang-dung-ngay-nao-van-doan-doc-lap-van-chi-la-ban-van-dong-thi-van-chua-co-tu-do-lap-hoi/,tag/chinh-tri/page/2/,Luat Khoa
https://www.luatkhoa.com/2022/12/50-sac-thai-cua-quyen-lap-hoi-o-viet-nam/,tag/chinh-tri/page/2/,Luat Khoa
https://www.luatkhoa.com/2022/12/vu-an-tron-thue-hay-vu-an-chinh-tri/,tag/chinh-tri/page/2/,Luat Khoa
https://www.luatkhoa.com/2022/12/xa-hoi-dan-su-viet-nam-giot-mau-ngoai-san/,tag/chinh-tri/page/2/,Luat Khoa
https://www.luatkhoa.com/2023/01/vi-sao-viec-bo-tet-kho-tro-thanh-hien-thuc/,tag/quan-diem/page/3/,Luat Khoa
https://www.luatkhoa.com/2023/12/36-van-ban-viet-nam-ky-ket-voi-trung-quoc-co-y-nghia-gi/,tag/quan-diem/page/4/,Luat Khoa
https://www.luatkhoa.com/2023/12/bat-dong-chinh-kien-va-di-hoa-vi-quy-theo-quan-niem-khong-tu/,tag/quan-diem/page/4/,Luat Khoa
https://www.luatkhoa.com/2023/01/vi-sao-viec-bo-tet-kho-tro-thanh-hien-thuc/,tag/quan-diem/page/3/,Luat Khoa
https://www.luatkhoa.com/2022/12/tu-do-ton-giao-co-can-thiet-vi-sao-toi-thuc-hanh-ton-giao-sau-nhieu-nam-phot-lo/,tag/quan-diem/page/3/,Luat Khoa
https://www.luatkhoa.com/2022/12/tu-do-ton-giao-co-can-thiet-vi-sao-toi-thuc-hanh-ton-giao-sau-nhieu-nam-phot-lo/,tag/quan-diem/page/3/,Luat Khoa
https://www.luatkhoa.com/2022/12/quan-cafe-khong-tre-em-khi-nao-phan-biet-doi-xu-la-sai/,tag/quan-diem/page/3/,Luat Khoa
https://www.luatkhoa.com/2022/12/quan-cafe-khong-tre-em-khi-nao-phan-biet-doi-xu-la-sai/,tag/quan-diem/page/3/,Luat Khoa
https://www.luatkhoa.com/2022/12/khong-nen-danh-gia-thap-he-thong-chinh-tri-trung-quoc/,tag/quan-diem/page/3/,Luat Khoa
https://www.luatkhoa.com/2022/12/khong-nen-danh-gia-thap-he-thong-chinh-tri-trung-quoc/,tag/quan-diem/page/3/,Luat Khoa
https://www.luatkhoa.com/2022/12/the-thao-va-chinh-tri-moi-ho-rang-lanh-rang-can-moi-bam/,tag/quan-diem/page/3/,Luat Khoa
https://www.luatkhoa.com/2022/12/the-thao-va-chinh-tri-moi-ho-rang-lanh-rang-can-moi-bam/,tag/quan-diem/page/3/,Luat Khoa
https://www.luatkhoa.com/2022/11/vi-sao-tho-tuyen-truyen-ngay-cang-xuong-cap/,tag/quan-diem/page/3/,Luat Khoa
https://www.luatkhoa.com/2022/11/vi-sao-tho-tuyen-truyen-ngay-cang-xuong-cap/,tag/quan-diem/page/3/,Luat Khoa
https://www.luatkhoa.com/2022/07/hinh-su-hoa-va-tranh-cai-ve-ngu-nhu-bo-noi-buon-quy-chuan-tu-phap-viet-nam/,tag/quan-diem/page/3/,Luat Khoa
https://www.luatkhoa.com/2022/07/hinh-su-hoa-va-tranh-cai-ve-ngu-nhu-bo-noi-buon-quy-chuan-tu-phap-viet-nam/,tag/quan-diem/page/3/,Luat Khoa
https://www.luatkhoa.com/2022/04/tu-13-ly-do-den-mv-son-tung-tu-tu-san-pham-nghe-thuat-hay-van-hoa-kiem-duyet/,tag/quan-diem/page/3/,Luat Khoa
https://www.luatkhoa.com/2022/04/tu-13-ly-do-den-mv-son-tung-tu-tu-san-pham-nghe-thuat-hay-van-hoa-kiem-duyet/,tag/quan-diem/page/3/,Luat Khoa
https://www.luatkhoa.com/2022/04/mcdonalds-va-nhung-noi-am-anh-cua-nuoc-nga/,tag/quan-diem/page/3/,Luat Khoa
https://www.luatkhoa.com/2022/04/mcdonalds-va-nhung-noi-am-anh-cua-nuoc-nga/,tag/quan-diem/page/3/,Luat Khoa
https://www.luatkhoa.com/2022/03/gac-ma-tam-guong-vo-bieu-tuong-that-truyen-va-long-yeu-nuoc-bi-loi-dung/,tag/quan-diem/page/3/,Luat Khoa
https://www.luatkhoa.com/2022/03/gac-ma-tam-guong-vo-bieu-tuong-that-truyen-va-long-yeu-nuoc-bi-loi-dung/,tag/quan-diem/page/3/,Luat Khoa
https://www.luatkhoa.com/2022/03/hai-nua-la-phieu-cua-viet-nam/,tag/quan-diem/page/3/,Luat Khoa
https://www.luatkhoa.com/2022/03/hai-nua-la-phieu-cua-viet-nam/,tag/quan-diem/page/3/,Luat Khoa
https://www.luatkhoa.com/2023/08/long-ham-muon-dia-vi-qua-do-va-su-thieu-vang-tinh-yeu/,tag/quan-diem/page/2/,Luat Khoa
https://www.luatkhoa.com/2023/12/36-van-ban-viet-nam-ky-ket-voi-trung-quoc-co-y-nghia-gi/,tag/quan-diem/page/3/,Luat Khoa
https://www.luatkhoa.com/2023/12/bat-dong-chinh-kien-va-di-hoa-vi-quy-theo-quan-niem-khong-tu/,tag/quan-diem/page/3/,Luat Khoa
https://www.luatkhoa.com/2023/08/long-ham-muon-dia-vi-qua-do-va-su-thieu-vang-tinh-yeu/,tag/quan-diem/page/2/,Luat Khoa
https://www.luatkhoa.com/2023/08/dao-luat-khien-facebook-chan-chia-se-tin-tuc-tai-canada-viet-nam-co-dang-hoc-theo/,tag/quan-diem/page/2/,Luat Khoa
https://www.luatkhoa.com/2023/08/dao-luat-khien-facebook-chan-chia-se-tin-tuc-tai-canada-viet-nam-co-dang-hoc-theo/,tag/quan-diem/page/2/,Luat Khoa
https://www.luatkhoa.com/2023/08/khi-an-tu-hinh-chua-phai-la-dieu-toi-te-nhat/,tag/quan-diem/page/2/,Luat Khoa
https://www.luatkhoa.com/2023/12/bat-dong-chinh-kien-va-di-hoa-vi-quy-theo-quan-niem-khong-tu/,tag/quan-diem,Luat Khoa
https://www.luatkhoa.com/2023/08/khi-an-tu-hinh-chua-phai-la-dieu-toi-te-nhat/,tag/quan-diem/page/2/,Luat Khoa
https://www.luatkhoa.com/2023/08/roi-tat-ca-se-tro-thanh-bao-nhan-dan/,tag/quan-diem/page/2/,Luat Khoa
https://www.luatkhoa.com/2023/12/36-van-ban-viet-nam-ky-ket-voi-trung-quoc-co-y-nghia-gi/,tag/chinh-tri/page/2/,Luat Khoa
https://www.luatkhoa.com/2023/08/roi-tat-ca-se-tro-thanh-bao-nhan-dan/,tag/quan-diem/page/2/,Luat Khoa
https://www.luatkhoa.com/2023/12/bat-dong-chinh-kien-va-di-hoa-vi-quy-theo-quan-niem-khong-tu/,tag/chinh-tri/page/2/,Luat Khoa
https://www.luatkhoa.com/2023/12/bat-dong-chinh-kien-va-di-hoa-vi-quy-theo-quan-niem-khong-tu/,tag/quan-diem,Luat Khoa
https://www.luatkhoa.com/2023/06/vi-sao-chat-luong-hoc-thuat-xuong-thap-trong-mot-nen-chinh-tri-toan-tri/,tag/quan-diem/page/2/,Luat Khoa
https://www.luatkhoa.com/2023/11/chu-nghia-xet-lai-va-su-lui-tan-cua-chu-nghia-tu-do-the-gioi/,tag/quan-diem,Luat Khoa
https://www.luatkhoa.com/2023/06/vi-sao-chat-luong-hoc-thuat-xuong-thap-trong-mot-nen-chinh-tri-toan-tri/,tag/quan-diem/page/2/,Luat Khoa
https://www.luatkhoa.com/2023/11/chu-nghia-xet-lai-va-su-lui-tan-cua-chu-nghia-tu-do-the-gioi/,tag/quan-diem,Luat Khoa
https://www.luatkhoa.com/2023/05/ao-anh-trung-luu-o-viet-nam/,tag/quan-diem/page/2/,Luat Khoa
https://www.luatkhoa.com/2023/11/tue-sy-niem-tin-khong-can-the-chap/,tag/quan-diem,Luat Khoa
https://www.luatkhoa.com/2023/05/ao-anh-trung-luu-o-viet-nam/,tag/quan-diem/page/2/,Luat Khoa
https://www.luatkhoa.com/2023/11/tue-sy-niem-tin-khong-can-the-chap/,tag/quan-diem,Luat Khoa
https://www.luatkhoa.com/2023/04/khi-tan-chinh-chien-nguoi-viet-nam-nao-cung-chung-mot-noi-dau/,tag/quan-diem/page/2/,Luat Khoa
https://www.luatkhoa.com/2023/11/intel-chu-nghia-tu-ban-va-nguyen-phu-trong/,tag/quan-diem,Luat Khoa
https://www.luatkhoa.com/2023/04/khi-tan-chinh-chien-nguoi-viet-nam-nao-cung-chung-mot-noi-dau/,tag/quan-diem/page/2/,Luat Khoa
https://www.luatkhoa.com/2023/11/intel-chu-nghia-tu-ban-va-nguyen-phu-trong/,tag/quan-diem,Luat Khoa
https://www.luatkhoa.com/2023/03/tinh-da-chieu-cua-giac-mo-my/,tag/quan-diem/page/2/,Luat Khoa
https://www.luatkhoa.com/2023/11/ao-anh-hai-hoa-xa-hoi-bai-viet-mat-tich-thanh-buoi-va-cau-noi-cua-chu-tich-nuoc/,tag/quan-diem,Luat Khoa
https://www.luatkhoa.com/2023/03/tinh-da-chieu-cua-giac-mo-my/,tag/quan-diem/page/2/,Luat Khoa
https://www.luatkhoa.com/2023/11/ao-anh-hai-hoa-xa-hoi-bai-viet-mat-tich-thanh-buoi-va-cau-noi-cua-chu-tich-nuoc/,tag/quan-diem,Luat Khoa
https://www.luatkhoa.com/2023/02/tinh-the-chinh-tri-cua-nguoi-dan-mien-nam-viet-nam-sau-nam-1975/,tag/quan-diem/page/2/,Luat Khoa
https://www.luatkhoa.com/2023/09/di-chuc-cua-ho-chi-minh-lieu-co-con-hop-thoi/,tag/quan-diem,Luat Khoa
https://www.luatkhoa.com/2023/02/tinh-the-chinh-tri-cua-nguoi-dan-mien-nam-viet-nam-sau-nam-1975/,tag/quan-diem/page/2/,Luat Khoa
https://www.luatkhoa.com/2023/09/di-chuc-cua-ho-chi-minh-lieu-co-con-hop-thoi/,tag/quan-diem,Luat Khoa
https://www.luatkhoa.com/2023/02/mot-la-thu-xuan-lay-yeu-thuong-de-hoa-giai-bat-dong/,tag/quan-diem/page/2/,Luat Khoa
https://www.luatkhoa.com/2023/08/vi-sao-chinh-quyen-viet-nam-che-giau-so-lieu-ve-an-tu-hinh/,tag/quan-diem,Luat Khoa
https://www.luatkhoa.com/2023/02/mot-la-thu-xuan-lay-yeu-thuong-de-hoa-giai-bat-dong/,tag/quan-diem/page/2/,Luat Khoa
https://www.luatkhoa.com/2023/08/vi-sao-chinh-quyen-viet-nam-che-giau-so-lieu-ve-an-tu-hinh/,tag/quan-diem,Luat Khoa
https://www.luatkhoa.com/2023/01/tu-do-cho-hai-kich-chinh-tri/,tag/quan-diem/page/2/,Luat Khoa
https://www.luatkhoa.com/2023/08/quyen-cua-bi-cao-trong-xet-xu-luu-dong/,tag/quan-diem,Luat Khoa
https://www.luatkhoa.com/2023/01/tu-do-cho-hai-kich-chinh-tri/,tag/quan-diem/page/2/,Luat Khoa
https://www.luatkhoa.com/2023/08/quyen-cua-bi-cao-trong-xet-xu-luu-dong/,tag/quan-diem,Luat Khoa
https://www.luatkhoa.com/2023/01/chuc-nang-cua-chinh-quyen-tra-loi-cong-luan-hay-dinh-huong-du-luan/,tag/quan-diem/page/2/,Luat Khoa
https://www.luatkhoa.com/2023/01/chuc-nang-cua-chinh-quyen-tra-loi-cong-luan-hay-dinh-huong-du-luan/,tag/quan-diem/page/2/,Luat Khoa
https://www.luatkhoa.com/2020/02/khuyet-diem-cua-dan-chu-my-qua-cuoc-xet-xu-luan-toi-tong-thong-donald-trump/,tag/the-che/page/6/,Luat Khoa
https://www.luatkhoa.com/2023/12/36-van-ban-viet-nam-ky-ket-voi-trung-quoc-co-y-nghia-gi/,tag/quan-diem/page/2/,Luat Khoa
https://www.luatkhoa.com/2023/12/bat-dong-chinh-kien-va-di-hoa-vi-quy-theo-quan-niem-khong-tu/,tag/quan-diem/page/2/,Luat Khoa
https://www.luatkhoa.com/2020/02/khuyet-diem-cua-dan-chu-my-qua-cuoc-xet-xu-luan-toi-tong-thong-donald-trump/,tag/the-che/page/6/,Luat Khoa
https://www.luatkhoa.com/2020/01/moi-truong-cong-an-co-lam-con-nguoi-hung-hang-hon/,tag/the-che/page/6/,Luat Khoa
https://www.luatkhoa.com/2020/01/moi-truong-cong-an-co-lam-con-nguoi-hung-hang-hon/,tag/the-che/page/6/,Luat Khoa
https://www.luatkhoa.com/2019/11/lien-xo-sup-do-vi-dinh-menh-hay-vi-ke-toi-do-gorbachev/,tag/the-che/page/6/,Luat Khoa
https://www.luatkhoa.com/2021/01/the-dang-thu-nhap-va-muc-do-hanh-phuc-cua-gia-dinh-viet-nam/,tag/chinh-tri/page/4/,Luat Khoa
https://www.luatkhoa.com/2021/01/moi-dieu-ban-can-biet-ve-ban-chap-hanh-trung-uong-dang-cong-san-viet-nam/,tag/chinh-tri/page/4/,Luat Khoa
https://www.luatkhoa.com/2019/11/lien-xo-sup-do-vi-dinh-menh-hay-vi-ke-toi-do-gorbachev/,tag/the-che/page/6/,Luat Khoa
https://www.luatkhoa.com/2021/01/the-dang-thu-nhap-va-muc-do-hanh-phuc-cua-gia-dinh-viet-nam/,tag/chinh-tri/page/4/,Luat Khoa
https://www.luatkhoa.com/2019/05/nha-nuoc-viet-nam-co-dan-tuy-khong/,tag/the-che/page/6/,Luat Khoa
https://www.luatkhoa.com/2019/05/nha-nuoc-viet-nam-co-dan-tuy-khong/,tag/the-che/page/6/,Luat Khoa
https://www.luatkhoa.com/2021/01/moi-dieu-ban-can-biet-ve-ban-chap-hanh-trung-uong-dang-cong-san-viet-nam/,tag/chinh-tri/page/4/,Luat Khoa
https://www.luatkhoa.com/2019/05/luoc-khao-tu-tuong-ho-chi-minh-ly-tuong-ngo-dinh-diem/,tag/the-che/page/6/,Luat Khoa
https://www.luatkhoa.com/2021/01/ho-chi-minh-tu-tuong-dai-chinh-tri-den-than-thanh-cua-nhung-nguyen-cau-ky-1/,tag/chinh-tri/page/4/,Luat Khoa
https://www.luatkhoa.com/2019/05/luoc-khao-tu-tuong-ho-chi-minh-ly-tuong-ngo-dinh-diem/,tag/the-che/page/6/,Luat Khoa
https://www.luatkhoa.com/2021/01/ho-chi-minh-tu-tuong-dai-chinh-tri-den-than-thanh-cua-nhung-nguyen-cau-ky-1/,tag/chinh-tri/page/4/,Luat Khoa
https://www.luatkhoa.com/2019/03/khi-dan-chu-khong-con-la-con-duong-duy-nhat-de-tro-nen-thinh-vuong/,tag/the-che/page/6/,Luat Khoa
https://www.luatkhoa.com/2020/12/lam-sao-de-quy-ket-trach-nhiem-cac-doanh-nghiep-vi-pham-luat-quoc-te/,tag/luat-quoc-te,Luat Khoa
https://www.luatkhoa.com/2021/02/ho-chi-minh-tu-tuong-dai-chinh-tri-den-than-thanh-cua-nhung-nguyen-cau-ky-2/,tag/chinh-tri/page/4/,Luat Khoa
https://www.luatkhoa.com/2019/03/khi-dan-chu-khong-con-la-con-duong-duy-nhat-de-tro-nen-thinh-vuong/,tag/the-che/page/6/,Luat Khoa
https://www.luatkhoa.com/2023/12/36-van-ban-viet-nam-ky-ket-voi-trung-quoc-co-y-nghia-gi/,tag/diem-sach,Luat Khoa
https://www.luatkhoa.com/2023/12/bat-dong-chinh-kien-va-di-hoa-vi-quy-theo-quan-niem-khong-tu/,tag/diem-sach,Luat Khoa
https://www.luatkhoa.com/2020/12/lam-sao-de-quy-ket-trach-nhiem-cac-doanh-nghiep-vi-pham-luat-quoc-te/,tag/luat-quoc-te,Luat Khoa
https://www.luatkhoa.com/2018/03/vu-cuu-diep-vien-bi-dau-doc-nga-anh-gang-trinh-cong-phap-quoc-te/,tag/luat-quoc-te,Luat Khoa
https://www.luatkhoa.com/2018/03/vu-cuu-diep-vien-bi-dau-doc-nga-anh-gang-trinh-cong-phap-quoc-te/,tag/luat-quoc-te,Luat Khoa
https://www.luatkhoa.com/2018/01/cafe-luat-khoa-giang-ho-luat-phap-gioi-co-nhung-dai-mon-phai-nao/,tag/luat-quoc-te,Luat Khoa
https://www.luatkhoa.com/2018/01/cafe-luat-khoa-giang-ho-luat-phap-gioi-co-nhung-dai-mon-phai-nao/,tag/luat-quoc-te,Luat Khoa
https://www.luatkhoa.com/2018/01/cuon-sach-luat-quoc-te-nay-da-co-gop-phan-thay-doi-van-menh-viet-nam/,tag/luat-quoc-te,Luat Khoa
https://www.luatkhoa.com/2018/01/cuon-sach-luat-quoc-te-nay-da-co-gop-phan-thay-doi-van-menh-viet-nam/,tag/luat-quoc-te,Luat Khoa
https://www.luatkhoa.com/2017/12/cau-chuyen-ve-chong-tu-tuong-nhan-quyen/,tag/luat-quoc-te,Luat Khoa
https://www.luatkhoa.com/2017/12/cau-chuyen-ve-chong-tu-tuong-nhan-quyen/,tag/luat-quoc-te,Luat Khoa
https://www.luatkhoa.com/2017/11/tu-nuremberg-den-tokyo-nhung-phien-toa-kinh-dien-cua-luat-quoc-te-ve-chien-tranh-va-hoa-binh/,tag/luat-quoc-te,Luat Khoa
https://www.luatkhoa.com/2017/11/tu-nuremberg-den-tokyo-nhung-phien-toa-kinh-dien-cua-luat-quoc-te-ve-chien-tranh-va-hoa-binh/,tag/luat-quoc-te,Luat Khoa
https://www.luatkhoa.com/2020/08/dai-hoi-dang-nha-nguoi-ta-dien-ra-nhu-the-nao/,tag/the-che/page/5/,Luat Khoa
https://www.luatkhoa.com/2017/08/persona-non-grata-cung-tim-hieu-mon-vu-khi-sac-ben-trong-quan-quoc-te/,tag/luat-quoc-te,Luat Khoa
https://www.luatkhoa.com/2017/08/persona-non-grata-cung-tim-hieu-mon-vu-khi-sac-ben-trong-quan-quoc-te/,tag/luat-quoc-te,Luat Khoa
https://www.luatkhoa.com/2023/12/36-van-ban-viet-nam-ky-ket-voi-trung-quoc-co-y-nghia-gi/,tag/the-che/page/6/,Luat Khoa
https://www.luatkhoa.com/2017/07/yiombi-thona-tu-diep-vien-congo-den-nguoi-ti-nan-noi-tieng-nhat-han-quoc/,tag/luat-quoc-te,Luat Khoa
https://www.luatkhoa.com/2023/12/bat-dong-chinh-kien-va-di-hoa-vi-quy-theo-quan-niem-khong-tu/,tag/the-che/page/6/,Luat Khoa
https://www.luatkhoa.com/2020/08/dai-hoi-dang-nha-nguoi-ta-dien-ra-nhu-the-nao/,tag/the-che/page/5/,Luat Khoa
https://www.luatkhoa.com/2017/07/yiombi-thona-tu-diep-vien-congo-den-nguoi-ti-nan-noi-tieng-nhat-han-quoc/,tag/luat-quoc-te,Luat Khoa
https://www.luatkhoa.com/2020/08/hien-phap-viet-nam-khong-cam-da-dang/,tag/the-che/page/5/,Luat Khoa
https://www.luatkhoa.com/2021/08/cau-hoi-lon-hon-dang-sau-chuyen-quan-chuc-choi-golf-mua-dich/,tag/quan-diem/page/6/,Luat Khoa
https://www.luatkhoa.com/2017/02/bao-luu-uu-hien-phap-luat-moi-vo-hieu-hoa-cac-cong-uoc-nhan-quyen/,tag/luat-quoc-te,Luat Khoa
https://www.luatkhoa.com/2020/08/hien-phap-viet-nam-khong-cam-da-dang/,tag/the-che/page/5/,Luat Khoa
https://www.luatkhoa.com/2017/02/bao-luu-uu-hien-phap-luat-moi-vo-hieu-hoa-cac-cong-uoc-nhan-quyen/,tag/luat-quoc-te,Luat Khoa
https://www.luatkhoa.com/2020/08/thuyet-cang-thang-ky-sinh-dich-benh-sinh-toan-tri/,tag/the-che/page/5/,Luat Khoa
https://www.luatkhoa.com/2016/07/sau-phan-quyet-bien-dong-chu-nghia-phap-quyen-quoc-te-len-ngoi-hay-cang-thang-khu-vuc-bung-no/,tag/luat-quoc-te,Luat Khoa
https://www.luatkhoa.com/2020/08/thuyet-cang-thang-ky-sinh-dich-benh-sinh-toan-tri/,tag/the-che/page/5/,Luat Khoa
https://www.luatkhoa.com/2016/07/sau-phan-quyet-bien-dong-chu-nghia-phap-quyen-quoc-te-len-ngoi-hay-cang-thang-khu-vuc-bung-no/,tag/luat-quoc-te,Luat Khoa
https://www.luatkhoa.com/2021/08/cau-hoi-lon-hon-dang-sau-chuyen-quan-chuc-choi-golf-mua-dich/,tag/quan-diem/page/6/,Luat Khoa
https://www.luatkhoa.com/2020/07/de-chung-tham-nhung-trong-dai-dich/,tag/the-che/page/5/,Luat Khoa
https://www.luatkhoa.com/2021/08/vaccine-trung-quoc-chinh-quyen-can-lam-gi-de-ha-mieng-khong-con-mac-quai/,tag/quan-diem/page/6/,Luat Khoa
https://www.luatkhoa.com/2020/07/de-chung-tham-nhung-trong-dai-dich/,tag/the-che/page/5/,Luat Khoa
https://www.luatkhoa.com/2021/03/luot-song-moi-de-doa-trung-hoa-goc-nhin-cua-hoc-gia-nha-nuoc/,tag/chinh-tri/page/4/,Luat Khoa
https://www.luatkhoa.com/2021/08/vaccine-trung-quoc-chinh-quyen-can-lam-gi-de-ha-mieng-khong-con-mac-quai/,tag/quan-diem/page/6/,Luat Khoa
https://www.luatkhoa.com/2020/07/toi-cao-phap-vien-my-va-giong-bao-chinh-tri/,tag/the-che/page/5/,Luat Khoa
https://www.luatkhoa.com/2021/08/phan-bo-vaccine-vi-sao-ha-noi-lai-nhan-nhieu-hon-binh-duong/,tag/quan-diem/page/6/,Luat Khoa
https://www.luatkhoa.com/2020/07/toi-cao-phap-vien-my-va-giong-bao-chinh-tri/,tag/the-che/page/5/,Luat Khoa
https://www.luatkhoa.com/2021/03/luot-song-moi-de-doa-trung-hoa-goc-nhin-cua-hoc-gia-nha-nuoc/,tag/chinh-tri/page/4/,Luat Khoa
https://www.luatkhoa.com/2021/08/phan-bo-vaccine-vi-sao-ha-noi-lai-nhan-nhieu-hon-binh-duong/,tag/quan-diem/page/6/,Luat Khoa
https://www.luatkhoa.com/2020/07/3-an-le-quan-trong-ve-bau-cu-tong-thong-hoa-ky/,tag/the-che/page/5/,Luat Khoa
https://www.luatkhoa.com/2021/07/sieu-ong-ngoai-vingroup-va-nhung-nguoi-khong-thich-cong-bang-o-viet-nam/,tag/quan-diem/page/6/,Luat Khoa
https://www.luatkhoa.com/2020/07/3-an-le-quan-trong-ve-bau-cu-tong-thong-hoa-ky/,tag/the-che/page/5/,Luat Khoa
https://www.luatkhoa.com/2021/07/sieu-ong-ngoai-vingroup-va-nhung-nguoi-khong-thich-cong-bang-o-viet-nam/,tag/quan-diem/page/6/,Luat Khoa
https://www.luatkhoa.com/2020/06/da-dang-sac-toc-va-thanh-bai-dan-chu-cua-mot-quoc-gia/,tag/the-che/page/5/,Luat Khoa
https://www.luatkhoa.com/2021/07/co-bao-nhieu-chau-ngoai-da-trot-lot-chen-hang-de-tiem-vaccine-truoc/,tag/quan-diem/page/6/,Luat Khoa
https://www.luatkhoa.com/2020/06/da-dang-sac-toc-va-thanh-bai-dan-chu-cua-mot-quoc-gia/,tag/the-che/page/5/,Luat Khoa
https://www.luatkhoa.com/2021/02/ket-qua-dai-hoi-xiii-nu-gioi-gan-nhu-khong-co-cho-tren-chinh-truong/,tag/chinh-tri/page/4/,Luat Khoa
https://www.luatkhoa.com/2021/07/co-bao-nhieu-chau-ngoai-da-trot-lot-chen-hang-de-tiem-vaccine-truoc/,tag/quan-diem/page/6/,Luat Khoa
https://www.luatkhoa.com/2021/02/ho-chi-minh-tu-tuong-dai-chinh-tri-den-than-thanh-cua-nhung-nguyen-cau-ky-2/,tag/chinh-tri/page/4/,Luat Khoa
https://www.luatkhoa.com/2020/05/ba-du-an-luat-can-trinh-quoc-hoi-ngay-sau-dich-viem-phoi-vu-han/,tag/the-che/page/5/,Luat Khoa
https://www.luatkhoa.com/2021/03/tong-hop-cac-thong-tin-can-biet-ve-vu-an-dong-tam/,tag/chinh-tri/page/4/,Luat Khoa
https://www.luatkhoa.com/2021/07/tam-thu-8-dieu-gui-den-chinh-phu-lam-dang-hoang-nhung-chuyen-nay-de-nguoi-dan-yen-tam-chong-dich/,tag/quan-diem/page/6/,Luat Khoa
https://www.luatkhoa.com/2020/05/ba-du-an-luat-can-trinh-quoc-hoi-ngay-sau-dich-viem-phoi-vu-han/,tag/the-che/page/5/,Luat Khoa
https://www.luatkhoa.com/2021/02/ket-qua-dai-hoi-xiii-nu-gioi-gan-nhu-khong-co-cho-tren-chinh-truong/,tag/chinh-tri/page/4/,Luat Khoa
https://www.luatkhoa.com/2021/07/tam-thu-8-dieu-gui-den-chinh-phu-lam-dang-hoang-nhung-chuyen-nay-de-nguoi-dan-yen-tam-chong-dich/,tag/quan-diem/page/6/,Luat Khoa
https://www.luatkhoa.com/2020/04/chi-thi-16-co-gia-tri-phap-ly-khong-khong/,tag/the-che/page/5/,Luat Khoa
https://www.luatkhoa.com/2021/07/con-virus-khong-gay-ra-benh-long-quyen-no-chi-lam-lo-ro-ban-chat-cua-cac-day-to/,tag/quan-diem/page/6/,Luat Khoa
https://www.luatkhoa.com/2020/04/chi-thi-16-co-gia-tri-phap-ly-khong-khong/,tag/the-che/page/5/,Luat Khoa
https://www.luatkhoa.com/2021/03/vai-dieu-ban-can-biet-ve-vi-tri-chu-tich-quoc-hoi/,tag/chinh-tri/page/4/,Luat Khoa
https://www.luatkhoa.com/2021/07/con-virus-khong-gay-ra-benh-long-quyen-no-chi-lam-lo-ro-ban-chat-cua-cac-day-to/,tag/quan-diem/page/6/,Luat Khoa
https://www.luatkhoa.com/2020/03/dan-chu-dang-that-thu-truoc-dai-dich/,tag/the-che/page/5/,Luat Khoa
https://www.luatkhoa.com/2021/07/hang-hoa-tang-gia-mua-dich-co-phai-la-loi-cua-chinh-quyen/,tag/quan-diem/page/6/,Luat Khoa
https://www.luatkhoa.com/2020/03/dan-chu-dang-that-thu-truoc-dai-dich/,tag/the-che/page/5/,Luat Khoa
https://www.luatkhoa.com/2021/07/hang-hoa-tang-gia-mua-dich-co-phai-la-loi-cua-chinh-quyen/,tag/quan-diem/page/6/,Luat Khoa
https://www.luatkhoa.com/2020/02/thi-truong-va-dich-benh-cuoc-tranh-cai-bat-tan-ve-vai-tro-cua-nha-nuoc/,tag/the-che/page/5/,Luat Khoa
https://www.luatkhoa.com/2021/07/5-cau-hoi-trong-quyet-dinh-phong-toa-thanh-pho-ho-chi-minh/,tag/quan-diem/page/6/,Luat Khoa
https://www.luatkhoa.com/2020/02/thi-truong-va-dich-benh-cuoc-tranh-cai-bat-tan-ve-vai-tro-cua-nha-nuoc/,tag/the-che/page/5/,Luat Khoa
https://www.luatkhoa.com/2021/07/5-cau-hoi-trong-quyet-dinh-phong-toa-thanh-pho-ho-chi-minh/,tag/quan-diem/page/6/,Luat Khoa
https://www.luatkhoa.com/2021/03/tong-hop-cac-thong-tin-can-biet-ve-vu-an-dong-tam/,tag/chinh-tri/page/4/,Luat Khoa
https://www.luatkhoa.com/2020/02/khau-trang-tang-gia-su-va-cham-giua-nha-nuoc-va-thi-truong/,tag/the-che/page/5/,Luat Khoa
https://www.luatkhoa.com/2021/07/tu-danh-con-de-day-con-den-danh-quan-de-day-quan/,tag/quan-diem/page/6/,Luat Khoa
https://www.luatkhoa.com/2021/03/vai-dieu-ban-can-biet-ve-vi-tri-chu-tich-quoc-hoi/,tag/chinh-tri/page/4/,Luat Khoa
https://www.luatkhoa.com/2020/02/khau-trang-tang-gia-su-va-cham-giua-nha-nuoc-va-thi-truong/,tag/the-che/page/5/,Luat Khoa
https://www.luatkhoa.com/2021/07/tu-danh-con-de-day-con-den-danh-quan-de-day-quan/,tag/quan-diem/page/6/,Luat Khoa
https://www.luatkhoa.com/2021/07/5-dieu-nhay-cam-nguoi-mien-bac-nen-biet-ve-mien-nam/,tag/quan-diem/page/6/,Luat Khoa
https://www.luatkhoa.com/2021/07/5-dieu-nhay-cam-nguoi-mien-bac-nen-biet-ve-mien-nam/,tag/quan-diem/page/6/,Luat Khoa
https://www.luatkhoa.com/2021/07/ban-co-nen-tu-hao-vi-duoc-tiem-vaccine-covid-19-truoc/,tag/quan-diem/page/6/,Luat Khoa
https://www.luatkhoa.com/2021/04/thu-tuong-chinh-phu-quyen-luc-nhu-the-nao/,tag/chinh-tri/page/4/,Luat Khoa
https://www.luatkhoa.com/2021/07/ban-co-nen-tu-hao-vi-duoc-tiem-vaccine-covid-19-truoc/,tag/quan-diem/page/6/,Luat Khoa
https://www.luatkhoa.com/2021/10/vi-sao-ban-nen-quan-tam-den-vu-an-hoi-thanh-truyen-giao-phuc-hung/,tag/quan-diem/page/5/,Luat Khoa
https://www.luatkhoa.com/2023/12/36-van-ban-viet-nam-ky-ket-voi-trung-quoc-co-y-nghia-gi/,tag/quan-diem/page/6/,Luat Khoa
https://www.luatkhoa.com/2023/12/bat-dong-chinh-kien-va-di-hoa-vi-quy-theo-quan-niem-khong-tu/,tag/quan-diem/page/6/,Luat Khoa
https://www.luatkhoa.com/2021/10/vi-sao-ban-nen-quan-tam-den-vu-an-hoi-thanh-truyen-giao-phuc-hung/,tag/quan-diem/page/5/,Luat Khoa
https://www.luatkhoa.com/2021/04/vi-tri-chu-tich-nuoc-dau-tau-ma-khong-phai-dau-tau/,tag/chinh-tri/page/4/,Luat Khoa
https://www.luatkhoa.com/2021/10/mang-cho-hay-mang-nguoi-su-khon-cung-cua-tu-duy-chong-dich/,tag/quan-diem/page/5/,Luat Khoa
https://www.luatkhoa.com/2021/10/mang-cho-hay-mang-nguoi-su-khon-cung-cua-tu-duy-chong-dich/,tag/quan-diem/page/5/,Luat Khoa
https://www.luatkhoa.com/2021/10/pham-doan-trang-la-mot-nha-bao-va-lam-bao-khong-phai-la-toi/,tag/quan-diem/page/5/,Luat Khoa
https://www.luatkhoa.com/2021/10/pham-doan-trang-la-mot-nha-bao-va-lam-bao-khong-phai-la-toi/,tag/quan-diem/page/5/,Luat Khoa
https://www.luatkhoa.com/2021/04/thu-tuong-chinh-phu-quyen-luc-nhu-the-nao/,tag/chinh-tri/page/4/,Luat Khoa
https://www.luatkhoa.com/2021/09/nguyen-tac-chong-dich-tot-nhat-dan-chiu-gi-quan-phai-chiu-nay/,tag/quan-diem/page/5/,Luat Khoa
https://www.luatkhoa.com/2022/01/bon-ly-do-khien-viet-nam-la-thien-duong-cua-tin-don/,tag/the-che/page/3/,Luat Khoa
https://www.luatkhoa.com/2021/09/nguyen-tac-chong-dich-tot-nhat-dan-chiu-gi-quan-phai-chiu-nay/,tag/quan-diem/page/5/,Luat Khoa
https://www.luatkhoa.com/2021/04/vi-tri-chu-tich-nuoc-dau-tau-ma-khong-phai-dau-tau/,tag/chinh-tri/page/4/,Luat Khoa
https://www.luatkhoa.com/2021/04/lich-su-muon-mat-cua-mat-tran-tu-the-gioi-den-viet-nam/,tag/chinh-tri/page/4/,Luat Khoa
https://www.luatkhoa.com/2021/09/chung-ta-can-doi-sao-ke-cua-mat-tran-to-quoc-va-cac-bo-nganh/,tag/quan-diem/page/5/,Luat Khoa
https://www.luatkhoa.com/2023/12/36-van-ban-viet-nam-ky-ket-voi-trung-quoc-co-y-nghia-gi/,tag/the-che/page/4/,Luat Khoa
https://www.luatkhoa.com/2021/09/chung-ta-can-doi-sao-ke-cua-mat-tran-to-quoc-va-cac-bo-nganh/,tag/quan-diem/page/5/,Luat Khoa
https://www.luatkhoa.com/2023/12/bat-dong-chinh-kien-va-di-hoa-vi-quy-theo-quan-niem-khong-tu/,tag/the-che/page/4/,Luat Khoa
https://www.luatkhoa.com/2021/09/phai-cho-bao-lau-nua-moi-co-dan-hoi-thu-tuong-tra-loi/,tag/quan-diem/page/5/,Luat Khoa
https://www.luatkhoa.com/2021/04/lich-su-muon-mat-cua-mat-tran-tu-the-gioi-den-viet-nam/,tag/chinh-tri/page/4/,Luat Khoa
https://www.luatkhoa.com/2022/01/bon-ly-do-khien-viet-nam-la-thien-duong-cua-tin-don/,tag/the-che/page/3/,Luat Khoa
https://www.luatkhoa.com/2021/09/phai-cho-bao-lau-nua-moi-co-dan-hoi-thu-tuong-tra-loi/,tag/quan-diem/page/5/,Luat Khoa
https://www.luatkhoa.com/2021/04/bom-dan-chien-tranh-khong-phai-la-ly-do-cho-su-cham-phat-trien-cua-viet-nam/,tag/chinh-tri/page/4/,Luat Khoa
https://www.luatkhoa.com/2022/01/tu-ban-than-huu-va-moi-lien-he-voi-the-che-cua-viet-nam/,tag/the-che/page/3/,Luat Khoa
https://www.luatkhoa.com/2023/12/bat-dong-chinh-kien-va-di-hoa-vi-quy-theo-quan-niem-khong-tu/,tag/chinh-tri/page/5/,Luat Khoa
https://www.luatkhoa.com/2021/08/hua-nhau-tan-cong-tri-thuc-san-de-te-than-trong-khi-tha-soi-chay-rong/,tag/quan-diem/page/5/,Luat Khoa
https://www.luatkhoa.com/2022/01/tu-ban-than-huu-va-moi-lien-he-voi-the-che-cua-viet-nam/,tag/the-che/page/3/,Luat Khoa
https://www.luatkhoa.com/2023/12/36-van-ban-viet-nam-ky-ket-voi-trung-quoc-co-y-nghia-gi/,tag/chinh-tri/page/5/,Luat Khoa
https://www.luatkhoa.com/2021/08/hua-nhau-tan-cong-tri-thuc-san-de-te-than-trong-khi-tha-soi-chay-rong/,tag/quan-diem/page/5/,Luat Khoa
https://www.luatkhoa.com/2021/11/luat-phap-nen-dung-o-dau-trong-nhung-bua-tiec-xa-xi-cua-quan-chuc/,tag/the-che/page/3/,Luat Khoa
https://www.luatkhoa.com/2021/08/cam-tinh-quan-phiet-tren-duong-pho-sai-gon/,tag/quan-diem/page/5/,Luat Khoa
https://www.luatkhoa.com/2021/11/luat-phap-nen-dung-o-dau-trong-nhung-bua-tiec-xa-xi-cua-quan-chuc/,tag/the-che/page/3/,Luat Khoa
https://www.luatkhoa.com/2021/04/bom-dan-chien-tranh-khong-phai-la-ly-do-cho-su-cham-phat-trien-cua-viet-nam/,tag/chinh-tri/page/4/,Luat Khoa
https://www.luatkhoa.com/2021/08/cam-tinh-quan-phiet-tren-duong-pho-sai-gon/,tag/quan-diem/page/5/,Luat Khoa
https://www.luatkhoa.com/2021/08/nhan-chuyen-ong-nguyen-thanh-phong-bi-dieu-ve-trung-uong-giua-dich-ban-ve-neu-nhu-cua-the-che/,tag/the-che/page/3/,Luat Khoa
https://www.luatkhoa.com/2021/08/trong-hoang-loan-ton-giao-dang-giup-tran-an-viec-ma-nha-nuoc-khong-lam-duoc/,tag/quan-diem/page/5/,Luat Khoa
https://www.luatkhoa.com/2021/08/nhan-chuyen-ong-nguyen-thanh-phong-bi-dieu-ve-trung-uong-giua-dich-ban-ve-neu-nhu-cua-the-che/,tag/the-che/page/3/,Luat Khoa
https://www.luatkhoa.com/2021/08/trong-hoang-loan-ton-giao-dang-giup-tran-an-viec-ma-nha-nuoc-khong-lam-duoc/,tag/quan-diem/page/5/,Luat Khoa
https://www.luatkhoa.com/2021/05/dan-chu-tao-lao-tu-loi-cua-chu-tich-phuc-tim-hieu-them-ve-dan-chu-dom/,tag/the-che/page/3/,Luat Khoa
https://www.luatkhoa.com/2021/08/nhan-viec-bi-phat-vi-cho-con-di-dao-bang-xe-dap-nghi-ve-chinh-sach-chong-dich/,tag/quan-diem/page/5/,Luat Khoa
https://www.luatkhoa.com/2021/05/dan-chu-tao-lao-tu-loi-cua-chu-tich-phuc-tim-hieu-them-ve-dan-chu-dom/,tag/the-che/page/3/,Luat Khoa
https://www.luatkhoa.com/2021/08/nhan-viec-bi-phat-vi-cho-con-di-dao-bang-xe-dap-nghi-ve-chinh-sach-chong-dich/,tag/quan-diem/page/5/,Luat Khoa
https://www.luatkhoa.com/2021/05/8-dieu-dang-chu-y-ve-hien-phap-1956-cua-viet-nam-cong-hoa/,tag/the-che/page/3/,Luat Khoa
https://www.luatkhoa.com/2021/08/dan-keu-cuu-khap-noi-chinh-quyen-thi-dang-lam-gi/,tag/quan-diem/page/5/,Luat Khoa
https://www.luatkhoa.com/2021/05/8-dieu-dang-chu-y-ve-hien-phap-1956-cua-viet-nam-cong-hoa/,tag/the-che/page/3/,Luat Khoa
https://www.luatkhoa.com/2021/08/dan-keu-cuu-khap-noi-chinh-quyen-thi-dang-lam-gi/,tag/quan-diem/page/5/,Luat Khoa
https://www.luatkhoa.com/2021/03/the-che-yeu-manh-dat-mau-mo-cua-chinh-tri-vo-bien/,tag/the-che/page/3/,Luat Khoa
https://www.luatkhoa.com/2021/03/the-che-yeu-manh-dat-mau-mo-cua-chinh-tri-vo-bien/,tag/the-che/page/3/,Luat Khoa
https://www.luatkhoa.com/2021/01/filibuster-nghe-thuat-cau-gio-cua-cac-nha-lap-phap-my/,tag/the-che/page/3/,Luat Khoa
https://www.luatkhoa.com/2021/01/filibuster-nghe-thuat-cau-gio-cua-cac-nha-lap-phap-my/,tag/the-che/page/3/,Luat Khoa
https://www.luatkhoa.com/2020/12/nghi-lai-ve-y-tuong-mot-co-che-bao-hien-tai-viet-nam/,tag/the-che/page/3/,Luat Khoa
https://www.luatkhoa.com/2020/12/nghi-lai-ve-y-tuong-mot-co-che-bao-hien-tai-viet-nam/,tag/the-che/page/3/,Luat Khoa
https://www.luatkhoa.com/2022/02/thoi-khac-den-toi-cua-chau-au-va-bai-hoc-lam-ngo-truoc-cai-ac/,tag/quan-diem/page/4/,Luat Khoa
https://www.luatkhoa.com/2020/12/y-kien-da-den-luc-my-can-loai-bo-co-che-dai-cu-tri-doan/,tag/the-che/page/3/,Luat Khoa
https://www.luatkhoa.com/2023/11/chu-nghia-xet-lai-va-su-lui-tan-cua-chu-nghia-tu-do-the-gioi/,tag/the-che,Luat Khoa
https://www.luatkhoa.com/2020/12/y-kien-da-den-luc-my-can-loai-bo-co-che-dai-cu-tri-doan/,tag/the-che/page/3/,Luat Khoa
https://www.luatkhoa.com/2023/12/36-van-ban-viet-nam-ky-ket-voi-trung-quoc-co-y-nghia-gi/,tag/quan-diem/page/5/,Luat Khoa
https://www.luatkhoa.com/2023/03/bo-tu-het-va-dau-hieu-cua-mot-xa-hoi-dang-mat-dan-kha-nang-giao-tiep-dan-su/,tag/the-che/page/2/,Luat Khoa
https://www.luatkhoa.com/2020/12/dan-chu-xoi-mon-trong-dai-dich/,tag/the-che/page/3/,Luat Khoa
https://www.luatkhoa.com/2023/12/bat-dong-chinh-kien-va-di-hoa-vi-quy-theo-quan-niem-khong-tu/,tag/quan-diem/page/5/,Luat Khoa
https://www.luatkhoa.com/2023/12/36-van-ban-viet-nam-ky-ket-voi-trung-quoc-co-y-nghia-gi/,tag/hinh-su,Luat Khoa
https://www.luatkhoa.com/2022/02/thoi-khac-den-toi-cua-chau-au-va-bai-hoc-lam-ngo-truoc-cai-ac/,tag/quan-diem/page/4/,Luat Khoa
https://www.luatkhoa.com/2020/12/dan-chu-xoi-mon-trong-dai-dich/,tag/the-che/page/3/,Luat Khoa
https://www.luatkhoa.com/2023/12/bat-dong-chinh-kien-va-di-hoa-vi-quy-theo-quan-niem-khong-tu/,tag/hinh-su,Luat Khoa
https://www.luatkhoa.com/2023/12/36-van-ban-viet-nam-ky-ket-voi-trung-quoc-co-y-nghia-gi/,tag/the-che/page/3/,Luat Khoa
https://www.luatkhoa.com/2022/02/chanh-tri-thich-nhat-hanh-phan-bien-bai-thich-nhat-hanh-chanh-niem-hay-chanh-tri/,tag/quan-diem/page/4/,Luat Khoa
https://www.luatkhoa.com/2023/11/chu-nghia-xet-lai-va-su-lui-tan-cua-chu-nghia-tu-do-the-gioi/,tag/the-che,Luat Khoa
https://www.luatkhoa.com/2020/11/ban-hien-phap-quan-trong-nhung-con-nguoi-thuc-thi-no-cung-quan-trong-khong-kem/,tag/the-che/page/3/,Luat Khoa
https://www.luatkhoa.com/2023/12/bat-dong-chinh-kien-va-di-hoa-vi-quy-theo-quan-niem-khong-tu/,tag/the-che/page/3/,Luat Khoa
https://www.luatkhoa.com/2022/02/chanh-tri-thich-nhat-hanh-phan-bien-bai-thich-nhat-hanh-chanh-niem-hay-chanh-tri/,tag/quan-diem/page/4/,Luat Khoa
https://www.luatkhoa.com/2023/11/intel-chu-nghia-tu-ban-va-nguyen-phu-trong/,tag/the-che,Luat Khoa
https://www.luatkhoa.com/2023/03/bo-tu-het-va-dau-hieu-cua-mot-xa-hoi-dang-mat-dan-kha-nang-giao-tiep-dan-su/,tag/the-che/page/2/,Luat Khoa
https://www.luatkhoa.com/2020/11/ban-hien-phap-quan-trong-nhung-con-nguoi-thuc-thi-no-cung-quan-trong-khong-kem/,tag/the-che/page/3/,Luat Khoa
https://www.luatkhoa.com/2022/02/man-dam-dau-nam-nha-khoa-hoc-tu-do-va-long-trung-thanh-chinh-tri/,tag/quan-diem/page/4/,Luat Khoa
https://www.luatkhoa.com/2023/11/intel-chu-nghia-tu-ban-va-nguyen-phu-trong/,tag/the-che,Luat Khoa
https://www.luatkhoa.com/2023/02/phong-chong-tham-nhung-o-trung-quoc-thiet-ke-de-that-bai-ky-2/,tag/the-che/page/2/,Luat Khoa
https://www.luatkhoa.com/2022/02/man-dam-dau-nam-nha-khoa-hoc-tu-do-va-long-trung-thanh-chinh-tri/,tag/quan-diem/page/4/,Luat Khoa
https://www.luatkhoa.com/2023/08/the-gioi-danh-gia-chat-luong-quan-tri-nha-nuoc-cua-viet-nam-nhu-the-nao/,tag/the-che,Luat Khoa
https://www.luatkhoa.com/2023/02/phong-chong-tham-nhung-o-trung-quoc-thiet-ke-de-that-bai-ky-2/,tag/the-che/page/2/,Luat Khoa
https://www.luatkhoa.com/2022/01/khi-phan-no-truoc-cai-ac-dung-quen-nhung-vu-an-oan/,tag/quan-diem/page/4/,Luat Khoa
https://www.luatkhoa.com/2023/02/phong-chong-tham-nhung-o-trung-quoc-thiet-ke-de-that-bai-ky-1/,tag/the-che/page/2/,Luat Khoa
https://www.luatkhoa.com/2023/08/the-gioi-danh-gia-chat-luong-quan-tri-nha-nuoc-cua-viet-nam-nhu-the-nao/,tag/the-che,Luat Khoa
https://www.luatkhoa.com/2022/01/khi-phan-no-truoc-cai-ac-dung-quen-nhung-vu-an-oan/,tag/quan-diem/page/4/,Luat Khoa
https://www.luatkhoa.com/2023/02/phong-chong-tham-nhung-o-trung-quoc-thiet-ke-de-that-bai-ky-1/,tag/the-che/page/2/,Luat Khoa
https://www.luatkhoa.com/2023/06/toi-danh-khung-bo-o-viet-nam-khac-biet-ra-sao-so-voi-quoc-te/,tag/the-che,Luat Khoa
https://www.luatkhoa.com/2022/01/dong-tam-su-that-da-duoc-che-bien-nhu-the/,tag/quan-diem/page/4/,Luat Khoa
https://www.luatkhoa.com/2023/06/toi-danh-khung-bo-o-viet-nam-khac-biet-ra-sao-so-voi-quoc-te/,tag/the-che,Luat Khoa
https://www.luatkhoa.com/2022/11/khoi-to-toi-lua-dao-tai-tinh-that-bong-lai-lan-ranh-nao-giua-tru-dap-chinh-tri-va-tu-do-ton-giao/,tag/hinh-su,Luat Khoa
https://www.luatkhoa.com/2023/02/danh-gia-phong-chong-tham-nhung-khong-the-dem-dau-nguoi/,tag/the-che/page/2/,Luat Khoa
https://www.luatkhoa.com/2022/01/dong-tam-su-that-da-duoc-che-bien-nhu-the/,tag/quan-diem/page/4/,Luat Khoa
https://www.luatkhoa.com/2023/06/vi-sao-chat-luong-hoc-thuat-xuong-thap-trong-mot-nen-chinh-tri-toan-tri/,tag/the-che,Luat Khoa
https://www.luatkhoa.com/2023/02/danh-gia-phong-chong-tham-nhung-khong-the-dem-dau-nguoi/,tag/the-che/page/2/,Luat Khoa
https://www.luatkhoa.com/2021/12/lam-sao-de-tieng-keu-cuu-cua-con-tre-khong-roi-vao-thinh-khong/,tag/quan-diem/page/4/,Luat Khoa
https://www.luatkhoa.com/2023/06/vi-sao-chat-luong-hoc-thuat-xuong-thap-trong-mot-nen-chinh-tri-toan-tri/,tag/the-che,Luat Khoa
https://www.luatkhoa.com/2023/12/36-van-ban-viet-nam-ky-ket-voi-trung-quoc-co-y-nghia-gi/,tag/luat-quoc-te,Luat Khoa
https://www.luatkhoa.com/2022/07/chong-tham-nhung-dan-ap-bat-dong-mot-phai-lam-va-mot-thich-lam/,tag/the-che/page/2/,Luat Khoa
https://www.luatkhoa.com/2021/12/lam-sao-de-tieng-keu-cuu-cua-con-tre-khong-roi-vao-thinh-khong/,tag/quan-diem/page/4/,Luat Khoa
https://www.luatkhoa.com/2023/05/vi-sao-cac-che-do-cong-san-o-dong-duong-ung-xu-khac-nhau-trong-van-de-ton-giao/,tag/the-che,Luat Khoa
https://www.luatkhoa.com/2023/12/bat-dong-chinh-kien-va-di-hoa-vi-quy-theo-quan-niem-khong-tu/,tag/luat-quoc-te,Luat Khoa
https://www.luatkhoa.com/2022/07/chong-tham-nhung-dan-ap-bat-dong-mot-phai-lam-va-mot-thich-lam/,tag/the-che/page/2/,Luat Khoa
https://www.luatkhoa.com/2022/11/khoi-to-toi-lua-dao-tai-tinh-that-bong-lai-lan-ranh-nao-giua-tru-dap-chinh-tri-va-tu-do-ton-giao/,tag/hinh-su,Luat Khoa
https://www.luatkhoa.com/2021/12/quan-diem-ho-se-tiep-tuc-viet/,tag/quan-diem/page/4/,Luat Khoa
https://www.luatkhoa.com/2023/05/vi-sao-cac-che-do-cong-san-o-dong-duong-ung-xu-khac-nhau-trong-van-de-ton-giao/,tag/the-che,Luat Khoa
https://www.luatkhoa.com/2022/06/di-san-cua-dot-lo-dang-hoan-thien-xa-hoi-chi-them-nghien-tin-don/,tag/the-che/page/2/,Luat Khoa
https://www.luatkhoa.com/2021/12/quan-diem-ho-se-tiep-tuc-viet/,tag/quan-diem/page/4/,Luat Khoa
https://www.luatkhoa.com/2023/04/cach-nhan-dien-mot-nen-dan-chu-va-quan-sat-truong-hop-cua-viet-nam/,tag/the-che,Luat Khoa
https://www.luatkhoa.com/2022/06/di-san-cua-dot-lo-dang-hoan-thien-xa-hoi-chi-them-nghien-tin-don/,tag/the-che/page/2/,Luat Khoa
https://www.luatkhoa.com/2023/12/36-van-ban-viet-nam-ky-ket-voi-trung-quoc-co-y-nghia-gi/,tag/chinh-tri,Luat Khoa
https://www.luatkhoa.com/2021/11/ung-xu-voi-phuong-hang-phep-thu-tinh-cach-doc-doan-cho-moi-nguoi/,tag/quan-diem/page/4/,Luat Khoa
https://www.luatkhoa.com/2023/04/cach-nhan-dien-mot-nen-dan-chu-va-quan-sat-truong-hop-cua-viet-nam/,tag/the-che,Luat Khoa
https://www.luatkhoa.com/2022/06/hieu-tham-nhung-viet-nam-vi-sao-tang-luong-khong-lam-tang-liem-si/,tag/the-che/page/2/,Luat Khoa
https://www.luatkhoa.com/2021/11/ung-xu-voi-phuong-hang-phep-thu-tinh-cach-doc-doan-cho-moi-nguoi/,tag/quan-diem/page/4/,Luat Khoa
https://www.luatkhoa.com/2023/12/bat-dong-chinh-kien-va-di-hoa-vi-quy-theo-quan-niem-khong-tu/,tag/chinh-tri,Luat Khoa
https://www.luatkhoa.com/2023/04/israel-va-cac-van-de-cua-luat-hien-phap-hien-dai-ky-cuoi-toa-an-qua-quyen-luc-hay-chinh-phu-lam-quyen/,tag/the-che,Luat Khoa
https://www.luatkhoa.com/2022/06/hieu-tham-nhung-viet-nam-vi-sao-tang-luong-khong-lam-tang-liem-si/,tag/the-che/page/2/,Luat Khoa
https://www.luatkhoa.com/2023/12/36-van-ban-viet-nam-ky-ket-voi-trung-quoc-co-y-nghia-gi/,tag/the-che,Luat Khoa
https://www.luatkhoa.com/2021/11/mieng-thit-bo-dat-vang-cua-ngai-bo-truong-chua-phai-la-thu-dang-de-noi-gian/,tag/quan-diem/page/4/,Luat Khoa
https://www.luatkhoa.com/2023/04/israel-va-cac-van-de-cua-luat-hien-phap-hien-dai-ky-cuoi-toa-an-qua-quyen-luc-hay-chinh-phu-lam-quyen/,tag/the-che,Luat Khoa
https://www.luatkhoa.com/2022/05/trung-phat-tham-nhung-4-nam-14-nam-hay-tu-hinh-the-nao-moi-la-cong-ly/,tag/the-che/page/2/,Luat Khoa
https://www.luatkhoa.com/2023/12/bat-dong-chinh-kien-va-di-hoa-vi-quy-theo-quan-niem-khong-tu/,tag/the-che,Luat Khoa
https://www.luatkhoa.com/2021/11/mieng-thit-bo-dat-vang-cua-ngai-bo-truong-chua-phai-la-thu-dang-de-noi-gian/,tag/quan-diem/page/4/,Luat Khoa
https://www.luatkhoa.com/2023/04/israel-va-cac-van-de-cua-luat-hien-phap-hien-dai-ky-3-su-suy-vong-dan-chu-o-israel/,tag/the-che,Luat Khoa
https://www.luatkhoa.com/2022/05/trung-phat-tham-nhung-4-nam-14-nam-hay-tu-hinh-the-nao-moi-la-cong-ly/,tag/the-che/page/2/,Luat Khoa
https://www.luatkhoa.com/2021/10/chinh-quyen-co-the-bo-tu-bao-sach-nhung-khong-the-ngan-nguoi-dan-bieu-dat-luong-tam/,tag/quan-diem/page/4/,Luat Khoa
https://www.luatkhoa.com/2023/12/tbt-nguyen-phu-trong-phan-doi-dai-loan-doc-lap-tai-khang-dinh-chinh-sach-mot-trung-quoc-theo-cgtn/,tag/chinh-tri,Luat Khoa
https://www.luatkhoa.com/2023/04/israel-va-cac-van-de-cua-luat-hien-phap-hien-dai-ky-3-su-suy-vong-dan-chu-o-israel/,tag/the-che,Luat Khoa
https://www.luatkhoa.com/2022/05/tim-loi-giai-cho-hien-tuong-trung-quoc-vi-sao-tham-nhung-nang-nhung-phat-trien-than-ky/,tag/the-che/page/2/,Luat Khoa
https://www.luatkhoa.com/2021/10/chinh-quyen-co-the-bo-tu-bao-sach-nhung-khong-the-ngan-nguoi-dan-bieu-dat-luong-tam/,tag/quan-diem/page/4/,Luat Khoa
https://www.luatkhoa.com/2023/12/tbt-nguyen-phu-trong-phan-doi-dai-loan-doc-lap-tai-khang-dinh-chinh-sach-mot-trung-quoc-theo-cgtn/,tag/chinh-tri,Luat Khoa
https://www.luatkhoa.com/2023/04/israel-va-cac-van-de-cua-luat-hien-phap-hien-dai-ky-2-mot-lich-su-lap-hien-la-lung/,tag/the-che,Luat Khoa
https://www.luatkhoa.com/2022/05/tim-loi-giai-cho-hien-tuong-trung-quoc-vi-sao-tham-nhung-nang-nhung-phat-trien-than-ky/,tag/the-che/page/2/,Luat Khoa
https://www.luatkhoa.com/2023/11/intel-chu-nghia-tu-ban-va-nguyen-phu-trong/,tag/chinh-tri,Luat Khoa
https://www.luatkhoa.com/2023/04/israel-va-cac-van-de-cua-luat-hien-phap-hien-dai-ky-2-mot-lich-su-lap-hien-la-lung/,tag/the-che,Luat Khoa
https://www.luatkhoa.com/2022/05/gioi-thieu-chuyen-de-nghien-cuu-tham-nhung-viet-nam-luc-luong-doc-lap-dang-dung-o-dau/,tag/the-che/page/2/,Luat Khoa
https://www.luatkhoa.com/2023/11/intel-chu-nghia-tu-ban-va-nguyen-phu-trong/,tag/chinh-tri,Luat Khoa
https://www.luatkhoa.com/2023/04/israel-va-cac-van-de-cua-luat-hien-phap-hien-dai-ky-1-dieu-gi-dang-xay-ra-o-israel/,tag/the-che,Luat Khoa
https://www.luatkhoa.com/2022/05/gioi-thieu-chuyen-de-nghien-cuu-tham-nhung-viet-nam-luc-luong-doc-lap-dang-dung-o-dau/,tag/the-che/page/2/,Luat Khoa
https://www.luatkhoa.com/2023/10/cac-to-chuc-phi-loi-nhuan-nen-lam-gi-de-tranh-bi-ket-toi-tron-thue/,tag/chinh-tri,Luat Khoa
https://www.luatkhoa.com/2023/04/israel-va-cac-van-de-cua-luat-hien-phap-hien-dai-ky-1-dieu-gi-dang-xay-ra-o-israel/,tag/the-che,Luat Khoa
https://www.luatkhoa.com/2022/04/bong-ma-cua-nhung-toa-thap-choc-troi-tu-tham-nhung-bat-dong-san-trung-quoc-nghi-ve-viet-nam/,tag/the-che/page/2/,Luat Khoa
https://www.luatkhoa.com/2023/10/cac-to-chuc-phi-loi-nhuan-nen-lam-gi-de-tranh-bi-ket-toi-tron-thue/,tag/chinh-tri,Luat Khoa
https://www.luatkhoa.com/2023/03/chong-tham-nhung-y-te-va-su-truc-trac-tu-trung-quoc-ve-viet-nam/,tag/the-che,Luat Khoa
https://www.luatkhoa.com/2022/04/bong-ma-cua-nhung-toa-thap-choc-troi-tu-tham-nhung-bat-dong-san-trung-quoc-nghi-ve-viet-nam/,tag/the-che/page/2/,Luat Khoa
https://www.luatkhoa.com/2023/10/change-va-an-tron-thue-ky-7-tien-tu-thien-cua-ban-dang-bi-dang-thue-nhu-the-nao/,tag/chinh-tri,Luat Khoa
https://www.luatkhoa.com/2023/03/chong-tham-nhung-y-te-va-su-truc-trac-tu-trung-quoc-ve-viet-nam/,tag/the-che,Luat Khoa
https://www.luatkhoa.com/2022/01/che-do-tai-phiet-va-dau-hieu-cua-nen-thien-nguyen-tai-phiet-tai-viet-nam/,tag/the-che/page/2/,Luat Khoa
https://www.luatkhoa.com/2023/10/change-va-an-tron-thue-ky-7-tien-tu-thien-cua-ban-dang-bi-dang-thue-nhu-the-nao/,tag/chinh-tri,Luat Khoa
https://www.luatkhoa.com/2022/01/che-do-tai-phiet-va-dau-hieu-cua-nen-thien-nguyen-tai-phiet-tai-viet-nam/,tag/the-che/page/2/,Luat Khoa
https://www.luatkhoa.com/2023/10/ky-6-nhung-rui-ro-phap-ly-ve-thue-tndn-voi-cac-to-chuc-phi-loi-nhuan/,tag/chinh-tri,Luat Khoa
https://www.luatkhoa.com/2023/10/ky-6-nhung-rui-ro-phap-ly-ve-thue-tndn-voi-cac-to-chuc-phi-loi-nhuan/,tag/chinh-tri,Luat Khoa
https://www.luatkhoa.com/2023/10/change-va-an-tron-thue-ky-5-mien-thue-kieu-do-may-xin-duoc/,tag/chinh-tri,Luat Khoa
https://www.luatkhoa.com/2023/10/change-va-an-tron-thue-ky-5-mien-thue-kieu-do-may-xin-duoc/,tag/chinh-tri,Luat Khoa
https://www.luatkhoa.com/2023/09/ky-4-viet-nam-danh-thue-gtgt-voi-vien-tro-nuoc-ngoai-nhu-the-nao/,tag/chinh-tri,Luat Khoa
https://www.luatkhoa.com/2023/09/ky-4-viet-nam-danh-thue-gtgt-voi-vien-tro-nuoc-ngoai-nhu-the-nao/,tag/chinh-tri,Luat Khoa
https://www.luatkhoa.com/2023/09/ky-3-da-mang-tien-giup-viet-nam-ma-con-bi-danh-thue-gtgt/,tag/chinh-tri,Luat Khoa
https://www.luatkhoa.com/2023/09/ky-3-da-mang-tien-giup-viet-nam-ma-con-bi-danh-thue-gtgt/,tag/chinh-tri,Luat Khoa
https://www.luatkhoa.com/2021/01/dang-cong-san-viet-nam-dan-chu-hon-dang-cong-san-trung-quoc-nhu-the-nao/,tag/chinh-tri/page/5/,Luat Khoa
https://www.luatkhoa.com/2023/12/36-van-ban-viet-nam-ky-ket-voi-trung-quoc-co-y-nghia-gi/,tag/chinh-tri/page/6/,Luat Khoa
https://www.luatkhoa.com/2023/12/bat-dong-chinh-kien-va-di-hoa-vi-quy-theo-quan-niem-khong-tu/,tag/chinh-tri/page/6/,Luat Khoa
https://www.luatkhoa.com/2021/01/dang-cong-san-viet-nam-dan-chu-hon-dang-cong-san-trung-quoc-nhu-the-nao/,tag/chinh-tri/page/5/,Luat Khoa
https://www.luatkhoa.com/2021/01/chinh-tri-vung-mien-viet-nam-loi-nguyen-dia-chinh-tri/,tag/chinh-tri/page/5/,Luat Khoa
https://www.luatkhoa.com/2021/01/chinh-tri-vung-mien-viet-nam-loi-nguyen-dia-chinh-tri/,tag/chinh-tri/page/5/,Luat Khoa
https://www.luatkhoa.com/2021/01/moi-dieu-ban-can-biet-ve-dai-hoi-toan-quoc-cua-dang-cong-san-viet-nam/,tag/chinh-tri/page/5/,Luat Khoa
https://www.luatkhoa.com/2021/01/moi-dieu-ban-can-biet-ve-dai-hoi-toan-quoc-cua-dang-cong-san-viet-nam/,tag/chinh-tri/page/5/,Luat Khoa
https://www.luatkhoa.com/2021/01/kiem-soat-xa-hoi-bang-quyen-luc-y-te-mot-y-tuong-khong-the-xem-thuong/,tag/chinh-tri/page/5/,Luat Khoa
https://www.luatkhoa.com/2021/01/kiem-soat-xa-hoi-bang-quyen-luc-y-te-mot-y-tuong-khong-the-xem-thuong/,tag/chinh-tri/page/5/,Luat Khoa
https://www.luatkhoa.com/2020/12/5-bo-phim-ve-tu-nhan-chinh-tri-dang-xem-tung-phut/,tag/chinh-tri/page/5/,Luat Khoa
https://www.luatkhoa.com/2020/12/5-bo-phim-ve-tu-nhan-chinh-tri-dang-xem-tung-phut/,tag/chinh-tri/page/5/,Luat Khoa
https://www.luatkhoa.com/2020/12/10-nhan-vat-chinh-tri-viet-nam-nam-2020/,tag/chinh-tri/page/5/,Luat Khoa
https://www.luatkhoa.com/2020/12/10-nhan-vat-chinh-tri-viet-nam-nam-2020/,tag/chinh-tri/page/5/,Luat Khoa
https://www.luatkhoa.com/2020/12/chinh-tri-cua-dia-danh-ten-duong-quyen-luc-va-danh-tinh-cua-cong-dong/,tag/chinh-tri/page/5/,Luat Khoa
https://www.luatkhoa.com/2020/12/chinh-tri-cua-dia-danh-ten-duong-quyen-luc-va-danh-tinh-cua-cong-dong/,tag/chinh-tri/page/5/,Luat Khoa
https://www.luatkhoa.com/2020/12/viet-nam-da-kiem-soat-chu-nghia-dan-toc-bai-trung-ra-sao-trong-khung-hoang-gian-khoan-hd-981/,tag/chinh-tri/page/5/,Luat Khoa
https://www.luatkhoa.com/2020/12/viet-nam-da-kiem-soat-chu-nghia-dan-toc-bai-trung-ra-sao-trong-khung-hoang-gian-khoan-hd-981/,tag/chinh-tri/page/5/,Luat Khoa
https://www.luatkhoa.com/2020/11/joe-biden-tpp-va-bai-toan-doi-trong-voi-trung-quoc/,tag/chinh-tri/page/5/,Luat Khoa
https://www.luatkhoa.com/2020/11/joe-biden-tpp-va-bai-toan-doi-trong-voi-trung-quoc/,tag/chinh-tri/page/5/,Luat Khoa
https://www.luatkhoa.com/2020/10/loi-do-dau-ma-cac-chinh-tri-gia-qua-gia/,tag/chinh-tri/page/5/,Luat Khoa
https://www.luatkhoa.com/2020/10/loi-do-dau-ma-cac-chinh-tri-gia-qua-gia/,tag/chinh-tri/page/5/,Luat Khoa
https://www.luatkhoa.com/2020/08/sao-lai-noi-viet-nam-khong-can-va-khong-chap-nhan-da-nguyen-da-dang/,tag/chinh-tri/page/5/,Luat Khoa
https://www.luatkhoa.com/2020/08/sao-lai-noi-viet-nam-khong-can-va-khong-chap-nhan-da-nguyen-da-dang/,tag/chinh-tri/page/5/,Luat Khoa
https://www.luatkhoa.com/2020/08/triet-hoc-phap-ly-cua-gioi-han-nhiem-ky/,tag/chinh-tri/page/5/,Luat Khoa
https://www.luatkhoa.com/2020/08/triet-hoc-phap-ly-cua-gioi-han-nhiem-ky/,tag/chinh-tri/page/5/,Luat Khoa
